student_id,club_id,date_adhesion,role
521,1,2025-11-10,membre
1255,1,2024-06-08,membre
583,1,2026-11-18,membre
191,1,2026-01-02,membre
1441,1,2025-06-23,bureau
1038,1,2024-06-22,membre
1340,1,2025-09-19,membre
1356,1,2026-12-26,membre
536,1,2026-09-14,membre
175,1,2026-12-06,membre
1419,1,2023-10-05,membre
1430,1,2024-06-01,membre
1297,1,2026-12-15,membre
752,1,2026-08-20,membre
119,1,2025-12-03,membre
394,1,2026-12-27,bureau
1437,1,2025-05-02,membre
860,1,2026-02-05,membre
471,1,2025-07-04,membre
716,1,2026-12-07,membre
161,1,2026-09-09,membre
1240,1,2025-03-11,membre
929,1,2026-08-05,membre
1074,1,2024-01-11,membre
920,1,2025-05-24,membre
591,1,2024-12-03,membre
826,1,2024-01-09,membre
926,1,2026-09-11,membre
594,1,2026-06-09,membre
512,1,2025-01-21,membre
538,1,2026-02-03,membre
487,1,2025-03-05,membre
1135,1,2024-02-25,bureau
1133,1,2026-03-20,membre
1259,1,2025-05-15,membre
1103,1,2025-07-17,membre
427,2,2026-12-13,membre
781,2,2022-08-21,bureau
724,2,2025-03-30,membre
884,2,2025-12-22,membre
804,2,2026-03-16,membre
542,2,2025-03-13,membre
947,2,2025-08-31,membre
637,2,2024-10-15,membre
1030,2,2024-01-05,membre
168,2,2026-01-19,membre
1390,2,2024-02-28,membre
1195,2,2026-04-20,membre
851,2,2025-06-04,membre
75,2,2026-11-27,membre
807,2,2026-07-16,membre
531,2,2024-01-18,membre
175,2,2026-02-23,membre
451,2,2026-11-19,membre
554,2,2025-11-29,membre
737,2,2025-01-10,membre
1127,2,2024-12-31,bureau
18,2,2026-03-29,membre
494,2,2026-11-02,membre
1398,2,2026-06-24,membre
760,2,2025-11-01,membre
404,2,2025-02-23,membre
914,2,2025-05-07,membre
1465,2,2024-05-08,membre
411,2,2025-12-05,bureau
444,2,2026-08-08,membre
477,2,2026-05-23,membre
837,2,2026-09-12,bureau
1358,2,2025-11-10,membre
392,2,2026-10-19,membre
70,2,2026-11-23,membre
1468,2,2024-11-21,membre
315,2,2026-12-13,membre
252,2,2025-07-13,membre
922,2,2025-10-12,membre
534,2,2026-11-10,membre
879,2,2026-10-29,membre
436,2,2025-12-11,membre
1070,3,2026-08-18,membre
867,3,2026-03-02,bureau
1226,3,2024-01-01,membre
742,3,2026-09-20,membre
1075,3,2026-01-01,bureau
1305,3,2025-10-02,membre
885,3,2025-12-14,membre
1210,3,2025-06-24,membre
8,3,2026-09-27,membre
1042,3,2026-04-03,membre
1430,3,2026-09-21,membre
1106,3,2025-09-13,bureau
593,3,2026-12-23,membre
197,3,2026-12-28,membre
478,3,2026-01-13,membre
517,3,2026-03-23,membre
466,3,2024-04-22,membre
165,3,2025-09-09,membre
775,3,2026-01-28,membre
1311,3,2024-02-28,membre
176,3,2022-10-25,membre
1244,3,2026-09-19,membre
502,3,2026-11-27,membre
826,3,2026-05-30,membre
927,3,2026-07-15,membre
812,3,2026-02-05,membre
1077,3,2026-06-27,membre
544,3,2025-11-27,membre
234,3,2026-11-24,membre
1498,3,2024-11-02,membre
1350,3,2026-01-11,membre
595,3,2026-09-10,membre
1084,3,2023-10-28,membre
691,3,2026-01-11,membre
105,3,2026-12-11,membre
238,3,2026-07-12,membre
1269,4,2026-03-20,membre
1069,4,2026-09-20,bureau
1395,4,2025-08-11,membre
1263,4,2025-11-09,membre
603,4,2025-12-18,membre
333,4,2025-03-07,membre
1426,4,2026-04-08,membre
899,4,2025-07-02,membre
1365,4,2024-03-01,membre
384,4,2026-04-14,membre
1007,4,2025-07-26,membre
233,4,2024-06-13,membre
337,4,2026-07-29,membre
634,4,2026-10-14,membre
115,4,2026-04-19,bureau
1169,4,2024-02-21,membre
1244,4,2024-04-02,membre
1174,4,2024-04-02,membre
927,4,2023-01-26,membre
1001,4,2026-04-19,membre
229,4,2026-04-19,membre
366,4,2026-03-23,membre
1246,4,2025-12-27,membre
456,4,2026-08-06,membre
772,4,2025-03-05,membre
1298,4,2026-09-22,membre
700,4,2024-04-14,membre
382,4,2026-12-07,membre
1257,4,2026-08-27,membre
1148,4,2026-03-04,membre
1028,4,2024-11-02,membre
915,4,2026-01-28,membre
1450,4,2026-09-19,membre
862,4,2026-12-20,membre
1266,4,2026-01-29,bureau
589,4,2024-06-11,membre
1231,4,2026-08-26,bureau
112,4,2023-04-10,membre
875,4,2026-12-15,membre
785,4,2026-06-07,membre
593,4,2026-11-27,membre
389,4,2025-10-14,membre
1084,4,2024-04-21,membre
84,4,2024-08-11,membre
1252,4,2025-10-06,membre
1077,4,2025-11-22,membre
1224,4,2026-10-15,membre
707,4,2025-05-11,membre
133,4,2026-03-07,membre
1419,5,2026-08-24,membre
442,5,2026-07-23,membre
405,5,2026-01-17,membre
682,5,2026-01-29,membre
1356,5,2026-02-04,membre
685,5,2026-05-15,bureau
136,5,2025-12-16,membre
1358,5,2026-05-08,membre
861,5,2025-04-29,membre
248,5,2026-11-13,membre
1041,5,2026-01-19,membre
393,5,2025-03-22,membre
604,5,2026-12-09,membre
240,6,2026-03-20,membre
1466,6,2026-12-04,membre
552,6,2026-10-02,membre
1465,6,2025-09-29,membre
1334,6,2026-11-27,membre
715,6,2023-09-17,membre
497,6,2026-05-06,membre
170,6,2026-11-22,membre
796,6,2023-11-14,bureau
1184,6,2026-04-19,membre
600,6,2026-11-28,membre
462,6,2026-03-21,membre
1047,6,2026-08-16,bureau
403,6,2026-11-01,membre
561,6,2026-05-16,membre
1288,6,2024-04-22,membre
329,6,2026-11-13,membre
1438,6,2025-11-10,membre
295,6,2026-10-21,membre
128,6,2025-12-05,membre
1118,6,2026-05-08,membre
615,6,2026-04-24,membre
596,6,2025-11-08,membre
349,6,2024-10-12,membre
1488,6,2025-07-13,membre
1158,7,2025-09-11,membre
842,7,2026-09-12,membre
292,7,2024-05-04,membre
10,7,2023-10-06,membre
570,7,2026-06-03,membre
1226,7,2026-09-10,membre
219,7,2026-03-05,membre
1292,7,2024-02-19,membre
1232,7,2024-05-11,membre
1270,7,2026-09-17,membre
1089,7,2026-08-30,membre
196,7,2023-10-24,membre
237,7,2024-08-31,bureau
1352,7,2025-12-24,membre
1159,7,2025-07-28,membre
605,8,2026-09-28,membre
718,8,2026-10-31,membre
264,8,2022-10-26,membre
274,8,2026-05-30,membre
1430,8,2026-12-26,membre
132,8,2026-09-07,membre
61,8,2026-12-03,membre
1015,8,2026-10-28,membre
211,8,2024-02-03,membre
197,8,2025-07-26,membre
892,8,2026-09-05,membre
1347,8,2024-11-11,membre
549,8,2026-05-01,bureau
133,8,2026-10-01,membre
502,8,2026-09-04,membre
462,8,2025-10-31,membre
1223,9,2026-11-16,membre
538,9,2024-08-18,membre
931,9,2026-09-03,membre
302,9,2026-07-01,membre
432,9,2026-12-24,membre
1387,9,2026-03-10,membre
1210,9,2025-02-06,membre
1014,9,2026-07-19,membre
174,9,2026-04-27,membre
1265,9,2024-05-07,membre
687,9,2025-01-09,membre
809,9,2023-12-18,membre
1444,9,2026-12-24,membre
519,9,2024-11-23,membre
199,9,2024-07-14,membre
1428,9,2026-08-24,membre
810,9,2025-10-21,membre
1367,9,2025-11-14,bureau
458,9,2026-01-18,membre
813,9,2026-12-20,membre
1168,9,2026-03-23,membre
185,9,2022-11-03,membre
817,9,2024-10-15,membre
1021,9,2026-12-17,membre
495,9,2024-11-21,membre
559,9,2025-12-03,bureau
1056,9,2025-11-25,membre
1020,9,2026-09-30,membre
94,10,2026-09-24,bureau
650,10,2026-09-24,membre
1116,10,2026-04-01,membre
107,10,2024-02-26,membre
1077,10,2026-05-18,membre
337,10,2026-05-23,membre
1075,10,2026-09-14,membre
443,10,2024-11-21,membre
716,10,2026-11-17,membre
837,10,2026-04-09,membre
349,10,2025-07-05,membre
552,10,2026-12-15,membre
1323,10,2026-06-20,membre
956,10,2026-12-23,membre
437,10,2026-04-01,membre
914,10,2026-04-20,membre
510,10,2025-09-02,membre
943,10,2026-10-27,membre
1198,10,2024-06-12,membre
228,10,2026-12-02,membre
42,10,2025-10-30,membre
1193,10,2026-10-29,membre
1068,10,2026-05-25,membre
1210,10,2024-01-20,membre
6,10,2025-01-01,membre
377,10,2026-04-07,bureau
1154,10,2026-12-13,membre
1337,10,2026-02-13,membre
280,10,2026-07-29,membre
1106,10,2026-08-21,bureau
1415,10,2024-03-05,membre
699,10,2026-09-15,membre
1111,10,2026-11-02,membre
596,10,2026-08-07,membre
1357,10,2024-04-17,membre
132,10,2023-09-13,membre
1354,10,2023-05-23,membre
592,10,2026-07-20,membre
32,10,2025-02-02,membre
251,10,2026-02-15,membre
483,10,2026-11-29,bureau
469,10,2024-07-08,membre
1251,10,2026-11-17,membre
1132,10,2026-10-25,membre
74,11,2026-09-03,membre
931,11,2025-08-26,membre
19,11,2024-02-27,membre
920,11,2024-12-31,membre
562,11,2025-05-29,membre
191,11,2025-05-29,membre
642,11,2026-03-25,bureau
777,11,2026-09-28,membre
1322,11,2026-09-18,membre
1237,11,2023-07-05,membre
392,11,2026-07-29,membre
120,11,2026-05-08,membre
544,11,2021-10-28,membre
1177,11,2026-07-14,membre
1479,11,2026-10-14,membre
1391,12,2023-01-08,membre
1166,12,2026-01-10,membre
1119,12,2026-03-08,membre
1379,12,2025-08-02,membre
378,12,2023-10-22,membre
321,12,2026-06-22,membre
547,12,2026-09-08,membre
390,12,2026-12-27,membre
163,12,2026-03-05,membre
274,12,2026-05-20,membre
27,12,2024-10-29,membre
1073,12,2026-08-25,membre
666,12,2026-01-31,membre
617,12,2024-04-19,membre
210,12,2021-10-12,membre
1145,12,2026-08-22,membre
1165,12,2025-12-03,membre
204,12,2026-04-17,membre
1044,12,2025-10-12,membre
1027,12,2024-12-17,membre
752,12,2026-12-01,membre
673,12,2023-12-12,membre
901,12,2023-05-04,membre
110,12,2025-01-09,membre
1077,12,2026-09-04,membre
1312,12,2024-10-21,membre
257,12,2025-10-15,membre
930,12,2024-06-28,membre
90,12,2026-09-08,bureau
583,12,2026-11-12,membre
1335,12,2025-11-01,membre
26,12,2026-10-21,bureau
1444,12,2026-12-14,membre
1030,12,2026-04-16,bureau
1094,12,2026-12-23,membre
980,12,2020-09-14,membre
773,12,2026-05-15,membre
122,12,2026-12-29,bureau
1412,12,2023-03-10,membre
1091,12,2026-06-09,membre
1141,12,2026-01-24,membre
275,12,2026-12-31,membre
693,12,2022-11-09,membre
699,12,2026-09-20,membre
880,12,2026-09-24,membre
1265,12,2023-07-17,membre
570,12,2023-12-06,membre
701,13,2025-02-18,membre
222,13,2025-09-21,membre
311,13,2026-12-28,membre
1384,13,2025-02-05,membre
988,13,2026-08-15,membre
1164,13,2026-05-11,membre
116,13,2024-07-19,membre
527,13,2025-09-20,membre
3,13,2024-01-13,bureau
287,13,2026-02-23,membre
1047,13,2026-05-31,membre
883,13,2026-08-18,membre
1131,13,2024-03-05,membre
1363,13,2025-03-23,membre
653,13,2025-11-27,membre
378,13,2026-05-24,membre
205,13,2026-07-29,membre
1210,13,2025-10-03,membre
1290,13,2026-09-05,bureau
950,13,2024-12-29,membre
1322,13,2025-09-26,membre
1476,13,2026-11-02,membre
1428,13,2026-10-19,membre
784,13,2026-05-20,membre
921,13,2026-09-15,membre
182,13,2026-10-07,membre
984,13,2025-12-26,membre
328,13,2024-10-03,membre
790,13,2025-10-08,membre
884,14,2026-03-19,membre
1067,14,2026-12-19,membre
224,14,2026-01-22,membre
1328,14,2026-12-26,membre
536,14,2026-09-28,membre
1216,14,2022-10-30,membre
527,14,2025-11-12,membre
1086,14,2026-12-20,bureau
1254,14,2026-12-06,bureau
1454,14,2026-06-21,membre
1084,14,2026-04-29,membre
1361,14,2026-04-24,membre
500,14,2021-10-29,bureau
985,14,2026-03-09,membre
1050,14,2026-08-20,membre
817,14,2026-09-10,membre
343,14,2024-10-31,membre
954,14,2025-05-18,membre
3,14,2026-05-07,membre
793,14,2026-12-06,membre
1133,14,2026-06-27,membre
1295,14,2026-07-16,membre
106,14,2024-07-16,membre
380,14,2025-06-02,membre
1331,14,2024-08-29,membre
1030,14,2026-10-18,membre
285,14,2024-01-30,membre
1446,14,2026-12-18,membre
139,14,2026-02-09,membre
62,14,2024-10-02,membre
1068,14,2026-02-23,membre
348,14,2022-08-14,membre
283,14,2025-07-24,membre
335,15,2024-12-21,membre
1123,15,2024-05-21,membre
645,15,2024-12-18,bureau
809,15,2022-11-15,membre
631,15,2026-03-22,membre
1458,15,2026-06-22,membre
1486,15,2025-03-10,membre
744,15,2026-04-29,membre
1489,15,2026-12-14,membre
263,15,2026-03-20,membre
1199,15,2026-08-05,membre
19,15,2024-11-09,membre
1285,15,2022-09-14,membre
944,15,2026-09-27,membre
1476,15,2026-12-11,bureau
111,15,2024-06-16,membre
883,15,2025-09-27,membre
909,15,2026-02-07,bureau
1225,15,2026-04-20,membre
426,15,2026-11-02,membre
1248,15,2024-11-26,membre
1211,15,2026-12-05,membre
1238,15,2025-09-15,membre
344,15,2024-06-19,membre
1209,15,2026-11-11,membre
480,15,2026-11-30,membre
733,15,2023-12-23,membre
516,15,2026-11-15,membre
513,15,2024-06-20,membre
1145,15,2026-08-24,membre
1041,15,2025-09-09,membre
1208,15,2022-11-11,membre
707,15,2025-02-10,membre
267,16,2025-06-10,membre
1098,16,2022-01-06,membre
775,16,2026-01-12,membre
166,16,2026-05-25,bureau
149,16,2023-06-15,membre
1023,16,2022-07-08,membre
428,16,2024-01-05,membre
520,16,2025-02-26,membre
1460,17,2026-11-14,membre
733,17,2025-04-08,membre
113,17,2026-10-07,membre
419,17,2026-12-26,membre
843,17,2023-02-10,membre
854,17,2026-05-09,membre
430,17,2026-03-18,membre
321,17,2024-09-21,membre
1454,17,2026-07-27,membre
188,17,2026-04-04,membre
1219,17,2024-04-20,membre
32,17,2023-10-31,bureau
965,17,2026-08-05,membre
376,17,2026-10-18,membre
1116,17,2025-12-03,membre
769,17,2026-08-10,membre
674,17,2024-12-27,membre
434,17,2025-05-17,membre
1422,17,2025-11-18,membre
1383,18,2026-10-05,membre
477,18,2024-02-03,membre
227,18,2023-12-12,membre
1083,18,2026-02-27,membre
224,18,2025-09-25,membre
1029,18,2026-12-13,bureau
844,18,2026-06-18,membre
1021,18,2026-09-06,membre
297,18,2023-03-23,membre
1188,18,2026-05-13,membre
1345,18,2025-12-12,membre
169,18,2026-12-02,membre
811,18,2025-01-16,membre
434,18,2024-11-16,membre
816,18,2025-01-31,membre
801,18,2026-06-01,membre
901,18,2023-10-30,membre
788,18,2026-11-02,membre
50,18,2026-02-22,membre
695,18,2026-11-09,membre
1080,18,2025-11-15,membre
1215,18,2026-06-02,membre
1012,18,2026-01-06,membre
2,18,2026-12-26,membre
1066,18,2022-03-19,membre
1088,18,2025-05-02,bureau
436,18,2026-05-13,membre
377,18,2024-04-13,membre
1013,18,2023-06-23,membre
539,18,2026-10-31,membre
718,18,2026-09-18,membre
665,18,2026-10-10,membre
232,18,2026-08-02,membre
233,18,2024-03-23,membre
971,18,2023-02-26,membre
1160,18,2024-06-10,membre
256,18,2026-11-14,membre
771,18,2024-12-29,membre
862,18,2026-05-21,bureau
404,18,2025-01-15,membre
1119,18,2026-05-22,membre
95,18,2024-01-24,membre
1369,18,2025-09-03,bureau
1116,18,2026-08-31,membre
1271,18,2026-02-28,membre
450,18,2025-01-31,membre
1053,19,2025-10-13,membre
982,19,2025-10-28,membre
772,19,2024-02-18,membre
1022,19,2026-11-15,membre
852,19,2025-10-04,bureau
215,19,2026-10-25,membre
599,19,2023-10-09,membre
495,19,2026-08-09,membre
143,19,2024-07-15,membre
855,19,2025-02-20,membre
883,19,2025-05-25,membre
757,19,2026-01-05,membre
780,19,2026-11-13,membre
687,19,2025-03-13,membre
1375,19,2026-09-25,membre
92,19,2025-10-05,membre
423,20,2025-01-19,membre
629,20,2024-02-17,membre
702,20,2026-12-21,membre
674,20,2023-03-05,membre
1380,20,2026-08-28,membre
1336,20,2024-07-25,bureau
928,20,2024-12-17,membre
382,20,2026-12-26,membre
93,20,2025-10-26,membre
944,20,2025-05-15,membre
1204,20,2026-08-10,membre
495,20,2026-06-02,membre
117,20,2023-10-28,membre
747,20,2026-11-22,membre
175,20,2026-02-04,membre
591,20,2024-10-01,membre
1042,20,2026-09-13,membre
1117,20,2026-12-28,membre
105,20,2025-08-22,membre
918,20,2023-07-27,membre
1182,20,2024-05-25,membre
982,20,2026-09-17,membre
771,20,2024-06-05,bureau
1141,20,2025-05-13,membre
431,20,2025-10-20,membre
937,20,2025-12-23,bureau
1392,20,2025-07-30,membre
596,20,2025-03-27,membre
715,20,2024-04-15,membre
949,20,2023-08-18,membre
151,20,2026-02-27,membre
818,20,2024-10-05,membre
283,20,2026-05-30,membre
565,20,2026-12-15,membre
216,20,2025-06-23,membre
286,20,2026-10-04,membre
369,20,2022-01-15,membre
942,20,2026-11-17,bureau
437,20,2025-06-10,membre
977,20,2026-04-01,membre
499,20,2026-11-17,membre
354,20,2026-10-31,membre
293,20,2026-11-15,membre
1348,21,2026-08-11,membre
93,21,2026-10-09,membre
988,21,2026-09-01,membre
567,21,2025-02-03,membre
1140,21,2026-08-21,membre
1108,21,2024-11-21,membre
477,21,2025-08-19,bureau
1128,21,2025-12-05,membre
922,21,2025-10-03,membre
200,21,2026-12-02,membre
1052,21,2026-06-08,membre
411,21,2025-10-10,membre
1420,21,2024-03-18,membre
1034,21,2026-10-14,membre
553,21,2025-10-28,membre
1279,21,2026-11-12,membre
634,21,2026-11-11,membre
238,21,2026-03-24,membre
1337,21,2026-03-15,membre
1044,21,2026-08-29,membre
770,21,2026-08-09,membre
396,21,2024-11-13,bureau
513,21,2022-09-29,membre
982,21,2026-07-17,membre
712,21,2026-12-03,membre
1087,21,2026-09-03,membre
1358,21,2026-08-12,bureau
1005,21,2026-10-25,membre
221,21,2026-11-27,membre
867,21,2024-08-19,membre
329,22,2026-11-21,membre
986,22,2024-06-18,membre
580,22,2025-08-08,membre
1356,22,2025-11-23,membre
157,22,2026-08-31,membre
929,22,2025-10-14,membre
156,22,2023-09-15,membre
571,22,2023-03-01,membre
1050,22,2026-10-13,membre
1327,22,2024-08-27,membre
1303,22,2026-01-04,membre
954,22,2025-01-23,membre
15,22,2025-08-07,membre
997,22,2026-12-28,membre
1482,22,2024-06-18,membre
345,22,2025-02-02,membre
737,22,2024-01-09,membre
663,22,2026-07-21,membre
295,22,2026-12-10,membre
22,22,2026-08-25,membre
1379,22,2025-07-18,membre
775,22,2025-11-11,bureau
1007,22,2026-05-31,membre
989,22,2026-03-30,bureau
876,22,2025-09-19,bureau
919,22,2024-09-26,membre
1148,22,2026-08-24,membre
298,22,2024-08-27,membre
322,22,2026-02-25,membre
101,22,2024-09-18,membre
1495,22,2026-10-08,membre
753,22,2024-11-21,membre
1032,22,2026-03-01,bureau
239,22,2026-11-07,membre
72,22,2026-12-10,membre
1150,22,2024-12-27,membre
1068,22,2025-11-10,membre
531,22,2024-12-15,membre
252,22,2026-07-09,membre
558,22,2024-12-11,membre
931,22,2026-05-31,membre
814,22,2026-08-19,membre
1363,22,2026-08-28,membre
27,22,2024-04-30,membre
89,22,2023-11-28,membre
255,22,2023-03-31,membre
467,22,2026-07-05,membre
968,22,2026-12-24,membre
981,22,2026-04-16,membre
1277,23,2026-05-17,membre
269,23,2026-10-16,membre
23,23,2024-09-14,membre
1422,23,2024-01-23,membre
799,23,2026-11-24,membre
1012,23,2026-07-02,membre
1437,23,2026-04-21,membre
1257,23,2025-12-09,membre
197,23,2026-11-06,bureau
1203,23,2026-03-09,membre
815,23,2025-12-20,membre
1140,23,2026-06-27,membre
726,23,2023-05-01,membre
1288,23,2024-12-04,membre
221,23,2026-10-24,membre
1021,23,2026-12-10,membre
68,23,2025-05-07,membre
85,23,2026-06-25,bureau
869,23,2026-11-17,membre
662,23,2026-12-25,membre
684,23,2026-04-15,membre
1314,23,2026-03-20,membre
1421,23,2025-09-23,membre
451,23,2026-10-17,membre
1092,23,2025-08-07,membre
930,23,2026-11-21,membre
687,23,2026-04-17,membre
1026,23,2026-12-30,membre
1414,23,2026-08-19,membre
1354,23,2026-11-17,membre
536,23,2026-10-16,membre
24,23,2024-10-05,membre
764,23,2025-10-12,membre
707,23,2026-12-01,membre
332,23,2026-11-13,bureau
1070,23,2026-02-08,membre
855,24,2026-07-02,membre
1332,24,2026-11-17,membre
1315,24,2026-02-21,membre
270,24,2023-06-12,bureau
301,24,2026-10-26,membre
1020,24,2026-08-24,membre
1410,24,2025-07-04,membre
1184,24,2026-07-05,membre
21,24,2025-05-27,membre
1354,24,2026-12-19,bureau
746,24,2023-12-11,membre
779,24,2025-12-13,membre
871,24,2026-11-03,membre
242,24,2026-03-05,membre
352,24,2026-11-20,membre
1138,24,2026-08-15,membre
752,24,2026-04-29,membre
787,24,2026-10-22,membre
694,24,2025-11-09,membre
179,24,2026-01-20,membre
767,24,2025-03-18,membre
651,24,2024-01-30,membre
1122,24,2026-10-02,membre
1345,24,2026-02-20,membre
1454,24,2026-07-03,membre
1471,24,2026-09-13,membre
893,24,2026-12-09,membre
938,24,2023-11-05,membre
1247,24,2023-10-26,membre
1491,24,2026-12-15,membre
378,24,2025-11-11,bureau
90,24,2026-12-23,membre
508,25,2024-10-18,membre
1225,25,2024-12-05,membre
1328,25,2023-10-10,membre
599,25,2024-09-08,membre
322,25,2024-02-28,membre
1151,25,2025-10-27,membre
1380,25,2024-12-06,membre
946,25,2026-05-02,membre
232,25,2026-03-28,bureau
953,25,2026-01-08,membre
62,25,2024-04-24,membre
1482,26,2023-12-06,membre
1005,26,2026-10-17,membre
514,26,2025-04-05,membre
894,26,2026-04-27,membre
654,26,2026-10-20,membre
508,26,2026-08-25,membre
943,26,2026-11-05,membre
1439,26,2026-10-03,bureau
611,26,2026-01-06,membre
391,26,2026-03-07,membre
1323,26,2026-12-14,membre
216,26,2023-12-28,membre
458,26,2023-02-09,membre
1227,27,2026-05-15,membre
124,27,2026-04-24,membre
445,27,2026-03-26,membre
1238,27,2026-12-15,membre
549,27,2024-11-29,membre
325,27,2026-11-06,bureau
758,28,2026-09-23,membre
1038,28,2026-11-08,membre
1454,28,2026-02-28,membre
595,28,2026-11-12,membre
454,28,2025-06-23,membre
1277,28,2026-01-12,bureau
158,28,2021-10-29,membre
295,28,2026-10-21,membre
485,28,2026-10-28,membre
1323,28,2026-09-25,membre
1318,28,2026-07-13,membre
1454,29,2026-12-13,membre
1141,29,2026-06-09,membre
1200,29,2026-06-04,membre
611,29,2026-10-05,membre
47,29,2026-10-13,membre
382,29,2026-11-05,membre
1043,29,2025-10-13,membre
1277,29,2024-08-27,membre
1165,29,2025-11-16,membre
579,29,2024-08-23,bureau
20,30,2023-06-08,bureau
750,30,2026-05-31,membre
647,30,2026-11-07,membre
416,30,2026-03-27,membre
1289,30,2026-11-02,membre
1385,31,2026-06-04,membre
385,31,2023-11-04,membre
949,31,2024-06-23,membre
1386,31,2026-11-27,membre
586,31,2025-06-22,membre
189,31,2023-05-08,membre
1335,31,2026-05-28,membre
243,31,2025-10-26,membre
932,31,2026-02-08,membre
1500,31,2026-11-28,membre
11,31,2026-12-03,membre
920,31,2024-08-28,membre
1048,31,2026-01-31,membre
1179,31,2023-08-22,membre
1317,31,2026-11-05,membre
650,31,2024-08-09,membre
1464,31,2026-10-05,membre
264,31,2024-05-20,membre
57,31,2026-10-27,membre
47,31,2026-10-06,membre
555,31,2025-03-17,bureau
398,31,2026-01-31,membre
989,31,2026-05-28,membre
288,31,2026-12-11,membre
696,31,2024-11-14,membre
1269,31,2026-12-25,bureau
1276,31,2026-06-11,bureau
433,31,2025-09-22,membre
1138,31,2026-10-17,membre
193,31,2026-12-05,membre
994,32,2026-01-20,membre
74,32,2026-11-26,membre
1216,32,2023-11-22,membre
859,32,2026-06-21,membre
242,32,2026-05-22,membre
268,32,2026-09-16,membre
578,32,2026-12-27,membre
1124,32,2026-05-30,membre
918,32,2025-10-17,membre
409,32,2024-04-03,membre
443,32,2024-03-03,membre
1319,32,2026-08-18,membre
821,32,2026-06-01,membre
1386,32,2023-04-20,bureau
194,32,2026-11-21,membre
327,32,2024-12-01,membre
880,32,2026-11-18,membre
1413,32,2026-02-23,bureau
1315,32,2026-04-10,membre
1212,32,2026-08-15,membre
302,32,2025-10-30,membre
16,32,2024-08-25,membre
613,32,2025-06-17,membre
1238,32,2024-12-11,bureau
901,32,2026-09-03,membre
1361,32,2026-02-20,membre
415,32,2025-09-19,membre
879,32,2026-11-14,membre
1314,32,2024-11-26,membre
563,32,2026-12-19,membre
885,32,2023-10-18,membre
713,32,2026-07-22,membre
1011,32,2024-12-26,membre
116,32,2022-11-03,membre
957,32,2026-12-29,membre
826,32,2023-10-25,membre
802,32,2025-08-31,membre
383,32,2025-09-24,membre
1403,33,2026-01-23,membre
1453,33,2025-06-21,membre
921,33,2023-02-26,membre
376,33,2026-10-05,membre
1418,33,2025-03-15,membre
963,33,2025-09-17,membre
425,33,2025-04-26,bureau
155,33,2026-10-27,membre
191,33,2025-05-29,membre
216,33,2023-07-14,membre
1298,33,2026-12-25,membre
246,33,2023-06-16,membre
1444,33,2025-11-26,bureau
1383,33,2023-01-29,membre
349,33,2023-12-25,membre
1101,33,2026-03-01,membre
491,33,2026-11-15,membre
1224,33,2026-10-31,membre
1003,33,2026-11-27,membre
1291,33,2026-09-04,membre
1440,33,2026-01-25,membre
1186,33,2026-05-20,membre
1495,33,2026-10-31,membre
197,33,2026-07-05,membre
611,33,2026-01-12,membre
941,33,2026-05-28,bureau
854,33,2025-07-28,membre
922,33,2024-09-02,membre
435,33,2025-12-08,membre
34,33,2026-12-12,membre
359,33,2026-12-30,membre
90,33,2025-12-25,membre
389,34,2025-05-14,membre
338,34,2025-07-08,membre
1246,34,2024-06-13,membre
190,34,2023-08-21,membre
902,34,2026-12-17,membre
339,34,2026-07-19,bureau
384,34,2025-07-23,membre
1172,34,2026-03-19,bureau
489,34,2026-08-16,membre
1044,34,2026-04-21,membre
844,34,2025-04-19,membre
405,34,2026-07-21,membre
1290,34,2025-06-25,membre
388,34,2025-10-20,membre
961,34,2026-08-22,membre
1146,34,2026-09-24,membre
1494,34,2024-12-24,membre
523,34,2025-05-12,membre
949,34,2024-01-18,membre
1414,34,2025-09-23,membre
1160,34,2025-08-09,membre
440,34,2021-11-13,membre
512,35,2023-05-23,membre
684,35,2026-10-26,membre
673,35,2026-07-03,membre
545,35,2026-11-23,membre
1005,35,2026-12-01,membre
178,35,2026-11-18,membre
784,35,2025-01-24,membre
228,35,2026-11-01,membre
895,35,2026-05-09,bureau
61,35,2026-10-01,membre
1122,35,2026-11-24,membre
746,35,2023-06-05,membre
416,35,2026-03-02,membre
1225,35,2024-12-14,membre
1395,35,2025-05-03,membre
357,35,2025-06-08,membre
1405,35,2024-08-21,membre
253,35,2025-10-18,membre
283,35,2024-10-18,membre
1289,35,2026-02-24,membre
530,35,2026-11-12,membre
1431,35,2025-10-08,membre
1084,35,2026-10-27,bureau
1235,35,2025-10-28,membre
814,35,2026-01-25,membre
790,35,2026-08-11,membre
321,35,2023-04-09,membre
222,35,2025-07-01,membre
161,35,2025-12-30,membre
595,35,2026-09-14,membre
993,35,2023-10-22,membre
1429,35,2024-04-16,membre
553,35,2024-12-09,membre
411,35,2025-04-11,membre
1417,35,2025-12-10,membre
561,35,2026-02-25,membre
109,35,2023-10-31,bureau
1281,35,2024-06-06,membre
591,35,2026-09-21,membre
1043,36,2024-11-23,membre
641,36,2024-06-27,membre
553,36,2024-08-25,membre
715,36,2024-04-02,bureau
1275,36,2025-09-08,membre
245,36,2026-05-03,membre
509,36,2026-09-15,membre
1182,36,2025-01-21,membre
869,36,2026-12-04,membre
878,36,2023-09-07,bureau
662,36,2026-12-10,membre
45,36,2025-03-28,membre
1400,36,2026-06-27,membre
865,36,2024-01-27,membre
400,36,2026-08-21,membre
291,36,2024-01-25,membre
1433,36,2026-07-19,membre
317,36,2023-10-07,membre
949,36,2026-07-10,membre
1369,36,2024-09-19,membre
691,36,2026-02-26,membre
805,36,2025-08-23,membre
92,36,2026-02-07,membre
1114,36,2026-12-24,bureau
1047,36,2025-12-02,membre
1381,36,2025-02-27,membre
1123,36,2026-04-05,membre
17,36,2025-10-17,membre
870,36,2026-11-25,membre
1484,36,2025-12-10,membre
31,36,2026-10-19,membre
1001,36,2026-11-27,membre
512,36,2026-06-05,membre
588,36,2025-03-06,membre
1441,36,2025-12-13,membre
1021,36,2026-09-13,membre
334,36,2026-09-20,membre
271,36,2025-01-20,membre
148,36,2026-05-30,bureau
382,36,2026-12-24,membre
1013,36,2025-04-24,membre
389,36,2025-07-14,membre
1314,36,2025-03-08,membre
370,36,2025-09-21,membre
1362,36,2025-10-16,membre
1078,36,2024-02-05,membre
881,36,2026-12-10,membre
210,36,2026-12-03,membre
178,37,2026-11-04,membre
15,37,2024-12-09,membre
479,37,2025-09-17,membre
558,37,2024-08-24,membre
308,37,2025-03-31,membre
1128,37,2025-08-19,membre
1433,37,2025-06-24,membre
474,37,2026-10-04,membre
879,37,2026-12-03,membre
888,37,2025-10-13,bureau
895,37,2026-11-23,membre
1089,37,2025-06-03,membre
765,37,2026-10-25,membre
1116,37,2025-09-24,membre
44,37,2026-08-30,bureau
383,37,2026-05-12,membre
1410,37,2025-12-25,membre
981,37,2026-06-18,membre
424,37,2026-12-10,membre
539,37,2026-10-19,membre
135,37,2024-12-10,bureau
174,37,2025-11-05,membre
677,37,2025-10-03,membre
678,37,2026-08-28,membre
612,37,2026-10-16,membre
235,37,2026-11-09,membre
1315,37,2026-06-06,membre
344,37,2026-07-03,membre
1249,37,2026-08-16,membre
314,37,2025-09-01,membre
978,37,2026-10-13,membre
1175,37,2026-09-21,membre
615,37,2026-07-31,bureau
1431,37,2025-11-26,membre
229,37,2026-05-03,membre
977,37,2025-11-16,membre
450,37,2026-09-06,membre
105,37,2026-12-05,membre
1170,37,2026-11-07,membre
727,37,2022-12-20,membre
700,37,2024-01-14,membre
105,38,2026-01-06,bureau
193,38,2026-11-21,membre
178,38,2026-11-08,membre
1020,38,2026-09-07,membre
621,38,2025-11-18,membre
1067,38,2025-05-02,membre
521,38,2025-02-23,membre
638,38,2026-06-19,membre
703,38,2023-03-07,membre
479,38,2025-04-02,membre
386,38,2021-10-06,membre
1,38,2026-07-09,membre
689,38,2023-08-12,membre
862,38,2026-10-22,membre
947,38,2026-08-27,membre
130,38,2023-09-22,membre
779,38,2025-07-02,membre
1264,38,2026-08-15,membre
356,39,2025-10-29,membre
1097,39,2026-10-04,membre
56,39,2025-10-13,membre
908,39,2026-06-05,membre
640,39,2026-11-26,membre
1147,39,2026-10-01,bureau
567,39,2026-07-07,membre
1217,39,2026-03-15,membre
72,39,2026-10-02,membre
858,39,2026-10-29,membre
1037,39,2023-01-26,membre
733,39,2026-11-14,bureau
925,39,2025-10-02,membre
1400,39,2025-10-04,membre
1385,39,2025-09-26,membre
1341,39,2026-07-24,membre
1338,39,2024-10-22,membre
956,39,2026-10-28,membre
1134,39,2026-07-29,membre
647,39,2026-12-09,membre
1458,39,2025-01-06,membre
1141,39,2025-11-12,membre
431,39,2025-12-31,bureau
917,39,2025-11-23,membre
740,39,2022-01-19,membre
632,39,2024-05-15,membre
773,39,2026-01-19,membre
1036,39,2024-12-10,membre
718,39,2026-09-30,membre
979,39,2026-02-18,membre
756,39,2026-08-26,membre
1492,39,2026-06-16,membre
361,39,2026-05-19,membre
1085,40,2026-10-14,membre
844,40,2024-08-05,membre
1433,40,2025-05-04,membre
1453,40,2024-04-27,membre
1499,40,2026-10-30,membre
998,40,2023-12-19,membre
1334,40,2026-11-14,bureau
371,40,2023-05-08,membre
922,40,2025-01-25,membre
751,40,2025-09-10,membre
146,40,2025-03-05,membre
12,40,2026-10-17,membre
514,40,2025-01-10,membre
627,40,2026-11-13,membre
1267,40,2024-07-18,membre
1377,40,2024-03-07,membre
700,40,2022-11-20,membre
529,40,2026-09-24,membre
467,40,2026-03-12,membre
973,40,2022-07-06,bureau
1004,40,2024-05-11,membre
192,40,2025-12-13,membre
26,40,2026-11-01,membre
1001,40,2026-08-21,membre
406,40,2026-06-21,membre
814,40,2026-06-30,membre
284,40,2023-11-03,membre
252,40,2026-12-22,membre
1191,40,2026-01-01,membre
705,40,2024-11-04,membre
1305,40,2025-06-03,bureau
311,40,2026-11-11,membre
901,40,2026-09-21,membre
31,40,2026-12-02,membre
188,40,2025-09-16,membre
382,40,2026-10-06,membre
772,40,2026-08-07,membre
1291,40,2024-04-21,bureau
167,40,2023-04-01,membre
1424,40,2025-12-01,membre
1493,41,2020-08-30,membre
1007,41,2025-06-08,membre
1098,41,2025-11-15,membre
1308,41,2023-08-15,membre
1231,41,2023-02-05,membre
661,41,2025-07-23,membre
1203,41,2023-08-24,membre
87,41,2022-03-15,membre
400,41,2026-10-14,membre
192,41,2025-07-19,membre
992,41,2026-01-04,membre
702,41,2026-12-29,membre
129,41,2023-04-03,bureau
1465,41,2023-12-12,membre
654,41,2026-10-16,membre
1490,41,2025-01-31,membre
142,41,2024-03-23,membre
919,41,2026-08-06,membre
881,41,2026-11-18,membre
1360,41,2026-06-30,membre
1070,41,2024-03-10,membre
1204,41,2025-12-27,bureau
1127,41,2025-10-26,membre
1496,41,2026-10-25,membre
296,42,2024-11-07,membre
1249,42,2026-10-09,membre
30,42,2026-10-30,membre
470,42,2026-12-16,membre
152,42,2024-04-24,membre
162,42,2026-11-24,membre
638,42,2025-09-25,membre
1137,42,2026-05-18,membre
708,42,2026-09-10,membre
418,42,2023-11-23,membre
672,42,2025-11-20,bureau
194,43,2023-08-03,bureau
408,43,2025-12-02,membre
490,43,2025-08-15,membre
372,43,2026-02-28,membre
628,43,2025-12-03,membre
55,43,2026-04-22,membre
641,43,2024-08-14,membre
556,43,2024-03-24,bureau
1174,43,2022-10-12,membre
995,43,2025-06-16,membre
739,43,2026-04-05,membre
1108,43,2025-07-26,membre
769,43,2025-10-28,membre
1389,43,2026-11-08,membre
863,43,2026-09-20,membre
679,43,2023-12-21,membre
1022,43,2025-09-16,membre
1268,43,2026-11-15,membre
409,43,2023-12-16,membre
1297,43,2026-01-13,membre
46,43,2026-11-11,membre
455,43,2026-07-31,membre
715,43,2025-04-30,membre
793,43,2026-08-16,membre
810,43,2026-01-17,membre
247,43,2026-12-27,membre
1334,43,2026-12-19,membre
763,43,2026-11-18,membre
885,43,2024-06-23,membre
1467,43,2026-12-08,membre
782,43,2025-07-13,membre
1280,43,2026-06-26,membre
1133,43,2026-12-25,membre
275,43,2026-11-16,membre
125,43,2024-02-03,membre
1093,43,2026-08-03,membre
1228,43,2024-09-04,membre
1348,43,2026-11-17,membre
381,43,2026-04-20,membre
799,43,2026-11-10,bureau
282,43,2024-09-30,membre
1124,43,2026-03-15,membre
1130,43,2024-09-14,membre
1335,43,2025-11-17,membre
453,43,2026-12-06,membre
979,43,2026-01-18,bureau
531,43,2024-02-24,membre
211,44,2025-12-28,membre
1466,44,2026-12-14,bureau
6,44,2025-02-08,membre
1059,44,2026-10-05,membre
660,44,2026-11-12,membre
101,44,2024-12-26,membre
907,44,2026-09-28,membre
534,44,2024-10-25,membre
260,44,2025-06-18,membre
475,44,2024-09-25,membre
111,44,2024-07-05,membre
185,44,2025-09-25,membre
40,44,2026-03-15,bureau
1456,44,2023-12-26,membre
1441,44,2025-11-27,membre
669,44,2022-10-20,membre
121,44,2026-06-04,membre
1193,44,2026-10-27,membre
334,44,2026-09-25,membre
227,44,2024-03-04,membre
1259,44,2025-06-25,membre
146,44,2024-10-29,membre
1016,44,2025-01-04,membre
35,44,2026-01-23,membre
1128,44,2026-10-05,membre
1018,44,2025-08-28,membre
597,44,2026-09-26,membre
374,44,2026-09-15,membre
1093,44,2026-10-24,membre
647,44,2026-10-10,membre
1321,44,2026-06-09,membre
695,44,2026-11-26,bureau
1363,44,2026-04-17,membre
964,45,2026-11-05,membre
1213,45,2025-06-24,membre
786,45,2026-09-28,membre
527,45,2025-02-06,membre
549,45,2026-10-24,membre
5,45,2026-12-05,membre
940,45,2025-12-23,membre
262,45,2026-12-03,membre
841,45,2025-06-28,bureau
918,45,2023-06-13,membre
1256,45,2025-06-06,membre
1230,45,2026-09-06,membre
1222,45,2026-12-08,membre
639,45,2026-12-03,membre
1297,45,2026-04-17,membre
556,45,2022-08-17,membre
1033,45,2025-01-31,membre
569,45,2026-01-04,membre
903,45,2025-10-31,membre
720,45,2026-09-19,membre
373,45,2026-10-27,membre
871,45,2026-11-25,membre
237,45,2025-03-20,membre
253,45,2026-03-28,membre
544,45,2025-02-28,membre
1067,45,2026-05-01,membre
1227,45,2025-03-26,membre
1464,45,2026-04-30,membre
662,45,2026-10-04,membre
1107,45,2026-11-08,bureau
1123,45,2025-07-03,membre
1400,45,2026-03-26,membre
205,45,2026-03-13,bureau
1209,45,2026-10-03,membre
785,45,2026-03-06,membre
1076,45,2026-02-22,membre
1478,45,2026-05-25,membre
243,45,2026-05-15,membre
500,45,2022-06-22,membre
978,45,2026-11-21,membre
700,45,2025-10-09,membre
267,45,2024-09-22,membre
46,45,2026-04-19,bureau
186,45,2024-03-23,membre
648,45,2026-11-22,membre
919,45,2024-11-20,membre
561,45,2026-09-27,membre
397,46,2023-12-05,membre
1203,46,2025-04-06,membre
692,46,2026-12-09,membre
1175,46,2026-09-12,membre
721,46,2023-10-15,bureau
1478,46,2024-09-18,membre
316,46,2021-12-28,membre
1153,46,2025-10-04,membre
518,46,2023-11-16,membre
819,46,2024-12-28,membre
1283,46,2025-03-31,membre
47,46,2026-12-22,membre
1476,46,2026-12-05,bureau
472,46,2024-07-28,membre
1162,46,2026-04-05,membre
1415,46,2025-02-11,membre
885,46,2025-06-18,membre
1350,46,2024-05-13,membre
1407,46,2025-02-19,membre
186,46,2025-11-08,membre
909,46,2026-09-12,membre
1332,46,2026-11-26,membre
1023,46,2022-03-25,bureau
194,46,2026-06-10,membre
1042,46,2024-11-30,membre
1029,46,2023-08-09,membre
249,46,2025-01-01,membre
786,46,2025-03-16,membre
865,46,2025-08-29,membre
1233,46,2026-08-24,membre
548,46,2026-11-04,membre
603,47,2025-02-18,membre
299,47,2025-10-29,bureau
559,47,2026-04-17,membre
789,47,2026-09-25,membre
249,47,2025-02-19,membre
123,47,2026-03-12,membre
1428,47,2026-10-03,membre
190,47,2026-12-03,membre
890,47,2026-01-14,membre
947,47,2024-12-23,membre
607,47,2023-11-26,membre
443,47,2024-10-16,membre
627,47,2026-08-18,membre
771,47,2026-02-20,membre
1208,47,2026-07-27,membre
707,47,2025-02-19,membre
1268,47,2024-08-24,membre
1313,47,2024-04-27,membre
374,47,2026-09-29,membre
47,47,2026-12-26,membre
1055,47,2026-05-02,membre
930,47,2026-05-06,membre
1007,47,2025-02-17,membre
171,47,2024-05-29,membre
466,47,2025-08-28,membre
601,47,2026-10-24,bureau
615,47,2026-02-17,membre
446,47,2026-10-15,membre
776,47,2026-02-11,membre
883,47,2023-10-08,membre
120,47,2025-07-28,bureau
602,47,2025-06-07,membre
1390,47,2022-10-18,membre
752,47,2025-12-31,membre
1395,47,2024-08-11,membre
1363,47,2025-09-07,membre
834,47,2026-05-15,membre
841,48,2024-08-27,membre
596,48,2026-06-30,membre
580,48,2026-03-07,membre
549,48,2026-11-23,membre
1307,48,2026-12-23,bureau
229,48,2025-01-30,membre
1198,48,2023-02-09,membre
730,48,2023-06-09,membre
588,48,2025-01-25,membre
1195,48,2026-12-19,membre
498,48,2026-11-26,membre
296,48,2020-11-04,membre
365,48,2026-06-29,membre
1124,48,2026-07-31,membre
1455,49,2025-01-01,bureau
1438,49,2026-11-08,membre
1079,49,2026-10-18,membre
220,49,2026-07-31,membre
889,49,2025-12-17,membre
274,49,2026-01-20,membre
1270,50,2026-09-26,membre
324,50,2026-08-31,membre
31,50,2026-10-20,membre
1131,50,2026-06-07,membre
1392,50,2024-02-10,membre
1499,50,2026-10-06,membre
461,50,2024-09-12,membre
467,50,2026-02-15,membre
40,50,2025-09-30,membre
1294,50,2026-11-03,membre
512,50,2025-10-07,membre
1075,50,2026-07-05,membre
760,50,2026-08-08,bureau
366,50,2025-08-19,membre
607,50,2026-08-09,membre
537,50,2026-05-04,membre
1220,50,2025-11-15,membre
1379,50,2026-11-26,membre
1471,50,2026-11-30,membre
782,50,2022-09-15,membre
1307,50,2026-12-03,membre
70,50,2026-11-30,membre
765,50,2025-02-27,membre
801,50,2025-03-26,membre
1057,50,2024-07-29,membre
525,50,2026-11-19,membre
434,50,2026-05-22,membre
826,50,2026-05-13,membre
1160,50,2026-07-12,membre
829,50,2025-03-31,membre
77,50,2026-10-10,membre
436,50,2024-01-17,membre
984,50,2023-06-01,membre
282,50,2026-08-10,bureau
148,50,2025-12-19,membre
1325,50,2024-10-26,bureau
1100,50,2026-12-16,bureau
62,50,2023-01-10,membre
1448,50,2026-04-23,membre
620,50,2025-12-19,membre
290,50,2025-08-26,membre
726,50,2024-03-02,membre
1114,50,2026-10-11,membre
251,50,2025-05-08,membre
32,50,2025-03-15,membre
1403,50,2026-01-16,membre
1490,51,2026-08-23,bureau
333,51,2023-08-09,membre
1115,51,2026-03-24,membre
704,51,2025-11-11,membre
30,51,2026-09-09,membre
1120,51,2026-11-11,membre
753,51,2023-11-15,membre
1317,51,2026-10-28,membre
644,51,2025-03-26,membre
936,51,2023-03-21,membre
1250,51,2026-12-30,membre
1169,51,2025-10-26,membre
750,51,2026-12-05,membre
904,51,2023-11-27,membre
1224,51,2026-08-22,membre
57,51,2026-10-03,membre
996,51,2026-12-02,membre
1174,51,2024-02-13,membre
746,51,2025-06-08,membre
181,51,2026-01-24,bureau
349,51,2024-03-07,membre
891,51,2026-05-26,membre
1225,51,2024-11-24,membre
363,51,2026-06-20,membre
732,52,2024-12-27,membre
375,52,2025-12-20,membre
1062,52,2024-12-28,membre
198,52,2026-08-27,membre
1039,52,2026-10-24,membre
163,52,2025-05-04,bureau
65,52,2023-08-21,membre
819,52,2023-10-26,membre
719,53,2024-01-09,membre
1307,53,2026-12-09,membre
679,53,2025-10-28,membre
736,53,2026-10-11,membre
1112,53,2024-07-06,membre
521,53,2026-05-27,membre
1202,53,2026-10-05,membre
1494,53,2026-04-29,membre
155,53,2026-07-14,membre
846,53,2026-12-01,membre
612,53,2023-05-12,membre
1086,53,2026-12-28,membre
1451,53,2026-07-24,membre
13,53,2026-05-23,membre
195,53,2026-12-22,bureau
96,53,2022-12-10,membre
306,53,2026-06-13,membre
477,53,2025-07-16,membre
170,53,2026-10-02,membre
452,53,2026-01-16,membre
538,53,2026-08-06,membre
580,53,2025-07-30,membre
278,53,2025-05-12,membre
956,53,2026-11-20,membre
1476,53,2026-10-22,membre
1053,53,2026-11-28,membre
638,53,2025-11-22,membre
735,53,2024-05-03,membre
1126,53,2026-10-12,membre
1439,53,2025-10-28,membre
765,53,2025-08-08,membre
1482,53,2023-09-02,membre
976,53,2026-03-18,membre
970,53,2025-05-27,membre
20,53,2023-08-24,membre
108,53,2024-08-08,membre
714,53,2025-12-13,bureau
187,53,2026-10-23,membre
356,53,2025-02-25,membre
80,53,2026-11-25,bureau
853,53,2026-03-03,membre
1259,53,2025-01-25,bureau
1269,53,2026-12-17,membre
951,53,2024-09-25,membre
128,53,2025-09-30,membre
491,54,2026-02-28,membre
684,54,2026-09-18,membre
665,54,2026-06-24,membre
1290,54,2026-05-29,membre
763,54,2025-08-28,membre
426,54,2026-09-07,membre
1093,54,2024-12-23,membre
391,54,2024-09-18,membre
226,54,2026-07-20,membre
82,54,2026-07-11,membre
307,54,2025-07-05,membre
1477,54,2026-02-23,membre
937,54,2026-01-06,membre
1440,54,2026-09-27,membre
1114,54,2026-10-09,bureau
262,54,2026-03-11,membre
1310,54,2026-09-26,membre
1205,54,2024-10-30,membre
1221,54,2026-07-24,bureau
31,54,2026-11-04,membre
1249,54,2026-08-29,membre
911,54,2026-10-16,membre
567,54,2025-02-25,membre
817,54,2024-08-24,membre
1061,54,2025-01-31,membre
1104,54,2025-10-16,membre
1245,54,2024-10-18,membre
68,54,2025-04-18,membre
3,54,2026-02-03,membre
39,55,2025-07-11,membre
932,55,2026-04-20,membre
330,55,2026-09-18,membre
1480,55,2023-10-30,membre
1338,55,2024-03-04,membre
858,55,2026-11-05,membre
431,55,2026-09-08,membre
1391,55,2026-04-04,membre
956,55,2026-11-21,membre
403,55,2026-11-01,bureau
873,55,2026-02-05,membre
63,55,2023-07-01,membre
182,55,2025-10-31,membre
216,55,2021-10-04,bureau
104,55,2023-11-14,membre
1140,55,2023-06-22,membre
502,55,2026-11-18,membre
400,55,2026-12-23,membre
1095,55,2026-04-23,membre
642,55,2026-11-26,membre
921,55,2023-08-27,membre
1419,55,2023-01-12,membre
596,55,2026-09-14,membre
1444,56,2026-07-19,membre
980,56,2025-09-03,membre
380,56,2025-08-24,membre
140,56,2025-09-25,membre
1369,56,2025-01-04,membre
120,56,2025-09-28,membre
1231,56,2022-07-14,membre
344,56,2024-12-12,membre
73,56,2025-10-31,membre
1490,56,2024-09-23,membre
887,56,2022-12-16,bureau
469,56,2025-03-31,membre
602,56,2026-01-10,membre
576,56,2022-11-10,membre
234,56,2026-11-12,membre
1344,56,2025-09-25,membre
457,56,2026-10-31,membre
1159,56,2025-09-30,membre
944,56,2023-08-26,membre
836,56,2025-11-10,membre
205,56,2026-05-21,bureau
1178,56,2024-12-26,membre
930,56,2025-11-25,membre
1317,56,2026-12-31,membre
910,56,2026-11-22,membre
812,56,2024-04-10,membre
877,56,2025-11-18,membre
1392,56,2026-12-28,membre
1176,56,2024-05-08,membre
153,56,2025-08-11,membre
272,56,2025-10-21,membre
420,56,2026-10-12,membre
44,56,2025-12-18,membre
699,56,2026-11-02,membre
46,56,2023-08-30,membre
1014,56,2026-01-15,membre
1004,56,2022-12-14,bureau
800,56,2026-09-23,membre
758,56,2026-09-02,membre
1194,56,2024-07-03,membre
778,56,2025-08-09,bureau
879,56,2026-10-23,membre
191,56,2026-12-23,membre
386,56,2023-12-12,membre
986,56,2023-12-10,membre
1179,56,2025-06-05,membre
883,56,2025-09-13,membre
642,56,2026-05-28,membre
895,57,2026-09-10,membre
200,57,2026-12-02,membre
847,57,2026-10-15,membre
1232,57,2025-09-21,membre
66,57,2026-09-07,membre
1130,57,2025-01-18,membre
965,57,2025-12-26,membre
592,57,2025-08-21,membre
506,57,2026-04-10,membre
509,57,2024-12-22,membre
1031,57,2026-02-12,membre
539,57,2026-12-07,membre
1358,57,2026-10-29,membre
1379,57,2026-08-12,membre
1203,57,2026-05-22,membre
261,57,2026-01-09,membre
1046,57,2026-07-02,membre
1424,57,2024-12-29,bureau
1015,57,2026-11-30,membre
449,58,2026-12-22,membre
434,58,2025-04-29,bureau
1410,58,2025-02-24,membre
1418,58,2023-01-12,membre
705,58,2024-06-23,membre
884,58,2025-10-25,membre
844,58,2024-01-30,membre
497,58,2025-09-03,membre
818,58,2024-10-18,membre
317,58,2023-05-08,bureau
429,58,2023-05-25,membre
35,58,2026-05-21,membre
38,58,2024-09-14,membre
1446,58,2025-11-17,membre
848,58,2024-01-12,membre
626,58,2026-01-07,membre
989,58,2026-03-01,membre
22,58,2026-12-12,bureau
422,58,2026-09-27,membre
388,58,2024-12-31,membre
573,58,2024-09-07,membre
294,58,2026-09-24,membre
863,58,2026-11-13,membre
903,58,2026-07-19,membre
758,58,2026-11-21,membre
360,58,2026-03-26,membre
1415,58,2024-04-15,membre
78,58,2026-11-04,membre
1304,58,2023-03-04,membre
244,58,2025-01-31,membre
1252,59,2026-11-05,membre
814,59,2026-04-07,membre
1200,59,2025-11-11,membre
625,59,2026-10-11,membre
821,59,2026-11-25,membre
238,59,2025-09-14,membre
434,59,2026-08-30,membre
1120,59,2026-10-09,membre
603,59,2026-11-07,membre
20,59,2024-03-13,membre
1152,59,2025-05-03,membre
1321,59,2026-06-26,bureau
1494,59,2024-12-09,membre
941,59,2024-06-16,bureau
511,59,2024-12-23,membre
193,59,2026-11-20,membre
1281,59,2026-09-16,membre
497,59,2026-06-29,membre
952,59,2026-10-02,membre
551,59,2025-09-17,membre
377,59,2023-10-04,bureau
577,59,2024-01-05,membre
538,59,2026-10-26,membre
1446,59,2024-12-15,membre
416,59,2025-10-12,membre
1380,59,2023-04-05,membre
684,59,2026-05-12,membre
1133,59,2026-09-13,membre
442,59,2026-06-12,membre
49,59,2026-07-17,membre
126,59,2026-09-25,membre
806,59,2025-08-08,membre
1007,59,2023-07-25,membre
39,59,2024-10-06,membre
1192,59,2025-11-16,membre
153,60,2025-06-11,membre
694,60,2023-11-09,membre
1145,60,2026-09-13,membre
103,60,2026-02-01,membre
381,60,2025-12-11,membre
1302,60,2024-08-28,membre
414,60,2026-06-23,membre
18,60,2023-05-01,membre
21,60,2025-05-24,membre
247,60,2026-12-24,membre
588,60,2025-02-06,membre
911,60,2026-12-19,membre
684,60,2026-10-02,membre
659,60,2026-04-06,membre
985,60,2025-10-09,membre
1038,60,2024-12-29,membre
818,60,2026-02-25,membre
183,60,2026-11-25,membre
108,60,2026-03-08,membre
569,60,2025-01-30,membre
756,60,2025-10-02,membre
691,60,2026-07-24,membre
748,60,2026-09-05,bureau
1333,60,2026-06-21,membre
1115,60,2024-03-30,membre
574,60,2024-11-14,membre
461,60,2025-05-04,membre
441,60,2026-03-24,bureau
1312,60,2026-02-14,membre
674,60,2025-09-18,membre
656,60,2025-11-30,membre
975,60,2025-10-21,bureau
1298,60,2026-12-16,membre
278,61,2025-12-13,membre
485,61,2026-09-19,membre
788,61,2026-09-17,membre
454,61,2026-08-03,membre
1372,61,2024-11-17,membre
16,61,2025-12-06,membre
108,61,2025-12-17,membre
48,61,2024-11-04,membre
871,61,2026-11-25,membre
528,61,2026-10-31,membre
702,61,2026-12-25,membre
425,61,2026-02-03,membre
343,61,2025-06-18,bureau
1046,61,2025-03-23,membre
257,61,2025-05-31,membre
567,61,2025-01-17,membre
423,61,2026-05-03,membre
772,61,2023-09-18,bureau
819,61,2025-06-30,membre
651,61,2024-12-12,membre
896,61,2024-11-07,membre
307,61,2026-08-18,membre
1267,61,2024-01-23,membre
662,61,2026-09-23,membre
516,61,2026-01-15,membre
321,61,2026-08-18,membre
1287,61,2026-07-09,membre
890,61,2024-06-03,membre
186,61,2026-11-15,membre
1381,61,2025-07-11,membre
152,61,2025-11-06,membre
345,61,2022-11-21,membre
769,61,2026-11-16,membre
898,61,2024-08-04,membre
1487,61,2026-10-09,membre
1016,61,2022-12-14,membre
689,61,2024-01-04,bureau
1037,61,2025-07-05,bureau
1352,61,2026-02-15,membre
622,61,2026-10-28,membre
879,61,2026-10-16,membre
1048,61,2025-12-31,membre
571,61,2024-10-03,membre
14,61,2026-01-12,membre
1338,62,2025-04-03,membre
463,62,2024-05-06,membre
287,62,2025-06-01,membre
1253,62,2026-10-29,membre
475,62,2026-10-05,membre
30,62,2026-11-19,membre
390,62,2026-02-20,membre
383,62,2026-01-11,membre
1,62,2025-10-04,membre
105,62,2026-01-28,membre
507,62,2026-03-09,membre
1132,62,2026-11-16,membre
572,62,2026-08-19,membre
504,62,2024-02-06,membre
1342,62,2024-11-23,membre
578,62,2026-09-06,membre
598,62,2025-06-22,bureau
968,62,2026-11-05,membre
519,62,2026-01-27,membre
1390,62,2023-12-04,membre
382,62,2026-10-30,membre
188,62,2025-10-09,bureau
1252,62,2026-06-09,membre
76,62,2026-01-23,membre
592,62,2025-01-01,membre
1361,62,2026-06-21,membre
940,62,2024-12-29,membre
540,62,2024-11-10,membre
707,62,2025-01-27,membre
720,62,2026-11-27,membre
347,62,2026-06-27,membre
336,62,2026-07-31,membre
1016,62,2025-01-28,membre
914,62,2026-07-21,bureau
471,62,2026-03-09,membre
950,62,2024-11-03,membre
657,62,2026-03-17,membre
270,62,2023-03-14,membre
183,62,2026-11-21,membre
1038,62,2026-10-08,membre
1273,62,2024-12-26,bureau
811,62,2024-06-28,membre
413,62,2024-10-29,membre
641,62,2024-08-29,membre
248,62,2026-11-28,membre
923,63,2026-12-26,bureau
1111,63,2026-12-02,membre
329,63,2026-11-17,membre
1025,63,2024-05-12,membre
1112,63,2025-10-24,membre
1079,63,2026-09-09,membre
1041,63,2026-01-06,membre
767,63,2025-10-01,membre
947,63,2025-08-13,membre
236,63,2023-10-29,membre
1184,63,2025-10-28,bureau
1135,63,2022-10-13,membre
469,63,2025-09-30,membre
899,63,2024-07-17,membre
889,63,2023-05-06,membre
938,63,2025-10-28,membre
14,63,2025-09-30,membre
1120,63,2026-09-02,membre
1010,63,2026-07-15,membre
1084,63,2026-11-05,membre
1383,63,2022-11-11,membre
222,63,2024-08-11,bureau
879,63,2026-10-10,membre
640,63,2026-01-08,membre
176,63,2026-06-27,membre
423,63,2026-04-08,membre
260,63,2026-09-03,membre
709,63,2023-09-19,membre
807,63,2024-08-16,membre
797,63,2026-09-18,membre
221,63,2026-10-24,membre
861,63,2025-09-20,membre
1158,63,2026-03-20,membre
499,63,2026-11-17,membre
537,63,2025-11-21,membre
1357,63,2026-05-06,membre
928,63,2024-06-14,membre
1266,64,2026-04-16,membre
312,64,2025-11-26,membre
1468,64,2026-09-04,membre
950,64,2024-05-05,membre
36,64,2026-06-02,membre
901,64,2024-05-30,membre
423,64,2025-06-23,membre
1333,64,2025-11-29,membre
1438,64,2026-01-07,bureau
1123,64,2023-10-12,membre
1309,64,2023-10-08,membre
864,64,2026-01-07,membre
1125,64,2026-12-12,membre
799,64,2025-10-13,membre
1345,64,2025-10-02,membre
120,64,2024-02-21,membre
1411,64,2025-08-02,membre
152,64,2026-12-28,membre
855,64,2025-07-08,membre
221,64,2026-12-27,membre
38,64,2025-04-11,membre
528,64,2026-12-08,membre
427,64,2026-09-19,membre
9,64,2026-02-16,membre
550,64,2026-11-13,bureau
139,64,2026-04-30,membre
548,64,2026-10-02,membre
1200,64,2026-06-05,membre
1003,64,2026-12-20,membre
1449,64,2024-01-08,membre
889,64,2025-11-23,membre
223,64,2025-02-11,bureau
418,64,2024-02-14,membre
13,64,2023-05-09,membre
1150,64,2026-02-12,membre
179,64,2025-12-26,membre
441,64,2025-04-29,membre
650,64,2026-10-05,membre
495,64,2025-02-13,bureau
1135,64,2023-06-13,membre
871,64,2026-11-28,membre
41,64,2026-12-10,membre
988,64,2026-11-01,membre
917,64,2025-08-24,membre
512,64,2025-03-27,membre
311,64,2026-11-13,membre
731,64,2025-12-07,membre
1239,65,2024-10-20,membre
453,65,2026-03-06,membre
3,65,2026-06-25,membre
615,65,2025-12-03,membre
247,65,2026-12-25,membre
1000,65,2025-10-16,membre
528,65,2026-12-14,bureau
79,66,2025-08-17,membre
391,66,2025-07-07,membre
626,66,2025-11-18,membre
644,66,2026-05-22,membre
154,66,2026-09-04,membre
1481,66,2026-06-04,membre
1243,66,2023-05-02,membre
1486,66,2026-02-28,membre
397,66,2026-08-12,membre
1492,66,2025-10-30,membre
1178,66,2025-08-25,membre
483,66,2025-03-16,membre
284,66,2024-10-17,bureau
70,66,2026-11-29,membre
1030,66,2025-11-23,bureau
871,66,2026-09-18,membre
198,66,2026-10-10,membre
64,66,2025-10-24,membre
1028,66,2024-11-17,membre
452,66,2024-06-23,membre
206,66,2023-05-29,membre
810,66,2026-06-20,membre
1184,66,2025-12-14,membre
1076,66,2026-09-05,membre
1279,66,2026-11-25,membre
1045,66,2026-11-12,membre
984,66,2022-03-07,membre
845,66,2024-12-06,membre
757,66,2026-11-26,membre
1257,67,2026-11-01,membre
175,67,2026-12-31,membre
274,67,2025-12-04,membre
995,67,2026-08-09,bureau
959,67,2026-08-27,membre
665,67,2026-08-11,membre
1349,67,2026-11-18,membre
911,67,2026-11-26,membre
1168,67,2025-10-22,membre
745,67,2025-04-21,membre
1084,67,2025-09-10,membre
1456,67,2025-06-23,membre
511,67,2025-08-08,membre
1414,67,2026-02-03,membre
678,67,2026-10-26,membre
802,67,2025-10-09,membre
76,68,2026-04-12,membre
941,68,2024-08-15,membre
607,68,2026-08-26,membre
1369,68,2025-05-18,membre
58,68,2024-03-28,membre
1229,68,2026-12-26,membre
1283,68,2025-02-22,membre
1273,68,2024-11-29,membre
878,68,2026-04-20,membre
1479,68,2026-06-02,bureau
2,68,2026-10-20,membre
492,68,2026-01-11,bureau
307,68,2024-12-17,membre
505,68,2026-05-28,membre
590,68,2026-11-24,membre
1487,68,2026-12-13,membre
490,68,2025-11-19,membre
1438,68,2026-05-25,membre
1300,68,2023-12-06,membre
425,68,2026-03-26,membre
979,68,2026-06-05,membre
1088,68,2025-03-08,membre
546,68,2026-09-23,membre
1349,68,2026-12-31,membre
1440,68,2026-02-27,membre
596,68,2025-03-02,bureau
158,68,2025-11-11,membre
620,68,2024-04-05,membre
996,68,2026-12-18,membre
1448,68,2025-11-30,membre
279,68,2026-09-01,membre
750,68,2025-11-07,membre
1301,69,2025-12-20,membre
161,69,2026-03-15,membre
560,69,2024-03-15,bureau
1058,69,2026-11-29,membre
141,69,2026-08-18,membre
424,69,2026-12-14,membre
994,69,2026-07-23,membre
1293,69,2026-04-29,membre
1339,69,2025-01-26,membre
355,69,2024-01-13,membre
501,69,2026-03-04,membre
598,69,2026-10-07,membre
815,69,2025-05-05,membre
626,69,2026-03-26,membre
103,69,2025-03-21,membre
286,69,2024-10-16,membre
968,69,2025-10-25,membre
1194,69,2023-10-21,membre
445,69,2025-11-29,bureau
510,69,2024-08-29,bureau
1280,69,2026-06-15,membre
1482,69,2023-12-20,membre
1440,69,2025-11-06,membre
1392,69,2023-12-15,membre
671,69,2026-12-03,membre
1246,69,2025-11-28,membre
733,69,2025-02-27,membre
714,69,2026-12-08,membre
984,69,2022-12-26,membre
846,69,2026-12-11,membre
477,69,2023-10-31,membre
505,69,2026-05-20,membre
1118,69,2026-10-01,membre
790,69,2023-08-20,membre
217,70,2026-12-01,membre
1048,70,2026-12-10,membre
847,70,2024-01-25,membre
1472,70,2026-11-14,bureau
752,70,2025-11-15,membre
674,70,2025-05-14,membre
820,70,2026-03-15,membre
1356,70,2025-10-17,membre
1126,70,2026-10-05,membre
1163,70,2026-07-16,membre
1427,70,2024-05-09,bureau
1225,70,2024-12-03,membre
1295,70,2024-02-08,membre
1168,70,2026-11-01,membre
47,70,2026-10-27,membre
872,70,2023-12-20,membre
1378,70,2026-11-15,membre
1350,70,2025-08-27,membre
210,70,2021-10-05,membre
894,70,2024-11-16,membre
757,70,2025-12-13,membre
774,70,2024-11-16,membre
1242,70,2026-06-03,membre
142,70,2026-04-16,membre
226,70,2024-11-19,membre
1102,70,2026-11-20,membre
486,70,2026-12-01,membre
333,70,2025-12-26,membre
281,70,2026-09-03,membre
